State,District,No. Of Applications Received,No. Of Applications not Verified,No. Of Applications Verified,No. of Applications Approved,No. of Applications Approved having Aadhar No.,No. of Applications Rejected,No. of Applications Pullback,No. of Applications Closed,No. of Constructed Toilet Photo,No. of Commenced Toilet Photo,No. of Constructed Toilet Photo through Swachhalaya
Andaman & Nicobar Islands,South Andaman,12,9,0,0,0,0,0,3,0,0,46
Bihar,Araria,6187,841,5238,2789,523,104,1,3,1613,1989,16
Bihar,Arwal,4850,545,3508,742,218,26,2,769,1009,668,5
Bihar,Aurangabad,4603,834,3364,2445,1150,243,12,150,1559,686,23
Bihar,Banka,2826,887,1852,1738,946,78,4,5,920,302,6
Delhi,All Delhi JJ Clusters,46,28,0,0,0,0,2,16,2,1,1
Bihar,Begusarai,48104,8985,36405,34439,19267,923,25,1766,6785,9307,20
Delhi,Central,14,6,2,1,0,5,1,0,1,0,2
Bihar,Bhagalpur,16373,1477,14617,13246,9727,231,10,38,6185,3671,35
Bihar,Bhojpur,14077,2599,11054,9712,4734,152,11,261,3726,3203,11
Delhi,East,59,8,17,0,0,34,0,0,3,0,1
Delhi,New Delhi,20,0,0,0,0,18,1,1,0,1,5
Bihar,Buxar,4288,7,4206,3280,917,71,3,1,2176,874,12
Delhi,North,169,1,5,0,0,160,2,1,21,13,5
Delhi,North West,10183,97,303,303,292,9728,24,31,56,16,21
Daman & Diu,Daman,415,1,294,294,287,10,2,108,296,0,0
Bihar,Darbhanga,11487,3539,7509,6730,2451,414,8,17,3060,3736,28
Delhi,South,1108,12,150,150,19,939,3,4,157,6,1
Delhi,South West,2315,34,229,229,228,2033,5,14,230,4,17
Daman & Diu,Diu,682,4,375,375,272,292,0,11,375,1,1
Bihar,Gaya,20149,6372,12789,10012,8507,908,17,63,3483,4765,21
Bihar,Gopalganj,6595,340,6159,4353,1022,47,4,45,1424,1869,4
Delhi,West,33,2,4,4,4,25,1,1,4,1,3
Bihar,Jamui,8149,1913,6157,6057,1209,25,0,54,2619,2813,5
Bihar,Jehanabad,6402,1814,4546,3758,1627,22,3,17,676,2058,5
Himachal Pradesh,Bilaspur,160,6,136,126,119,7,1,10,105,10,0
Bihar,Kaimur(Bhabua),2586,103,2036,1932,864,427,5,15,1157,497,22
Bihar,Katihar,14727,1685,12826,9427,7073,171,7,38,308,5803,7
Himachal Pradesh,Chamba,276,146,111,104,102,15,0,4,25,1,0
Himachal Pradesh,Hamirpur,429,24,282,193,152,119,1,3,99,5,0
Bihar,Khagaria,6098,2474,3386,2028,501,228,3,7,656,431,7
Himachal Pradesh,Kangra,1903,341,740,604,556,536,4,282,239,26,2
Himachal Pradesh,Kullu,164,58,98,98,95,3,0,5,85,6,4
Bihar,Kishanganj,12549,3870,8571,7540,4307,93,10,5,2591,2984,2
Bihar,Lakhisarai,5531,44,5443,2318,1866,36,3,5,1373,958,1
Himachal Pradesh,Mandi,345,136,165,159,149,6,0,38,75,0,3
Himachal Pradesh,Shimla,460,47,218,208,194,190,1,4,193,0,1
Himachal Pradesh,Sirmaur,775,141,618,310,282,7,3,6,209,46,0
Bihar,Madhepura,9960,2027,7835,7751,6080,72,4,22,1726,6308,10
Bihar,Madhubani,16223,2863,13020,8433,3467,164,32,144,1987,5209,55
Himachal Pradesh,Solan,228,14,125,125,109,27,0,62,68,12,0
Bihar,Munger,10617,371,10204,8353,5837,34,5,3,2126,3532,9
Bihar,Muzaffarpur,13160,481,11850,6138,4407,767,8,54,2791,2864,16
Andhra Pradesh,Anantapur,52505,4100,21058,21058,21039,0,1,27346,21065,2,4
Himachal Pradesh,Una,867,278,506,456,370,82,0,1,325,0,1
Bihar,Nalanda,14335,993,13047,12890,9254,67,2,226,5574,4850,5
Bihar,Nawada,2394,253,2077,1880,1061,48,3,13,908,495,4
Andhra Pradesh,Chittoor,17089,251,6954,6954,6945,0,1,9883,6959,3,2
Andhra Pradesh,East Godavari,24668,576,13989,13989,13972,0,0,10103,13993,1,4
Bihar,Paschim Champaran,14696,2135,10359,9717,7314,1265,13,924,2702,3514,15
Bihar,Patna,33093,9351,19717,14473,8257,3750,28,247,5308,6842,42
Andhra Pradesh,Guntur,45751,1597,25198,25198,25181,0,3,18953,25205,4,2
Chhattisgarh,Balod,10058,1227,8081,7588,4220,739,7,4,7106,110,2
Bihar,Purba Champaran,35031,9097,19025,16716,8883,6617,33,259,3312,8278,13
Andhra Pradesh,Krishna,24486,366,14281,14281,14264,0,1,9838,14283,0,1
Chhattisgarh,Baloda Bazar,8397,1597,6596,6330,3695,199,2,3,6071,175,1
Chhattisgarh,Baloudabazar-Bhatapara,7154,1502,5246,3586,2383,397,0,9,5807,29,10
Bihar,Purnia,13942,2900,10443,7704,1955,585,8,6,3489,4659,16
Bihar,Rohtas,14336,3854,10239,6971,2421,151,8,84,4539,2353,13
Andhra Pradesh,Kurnool,43806,286,22262,22262,22246,0,4,21254,22270,0,6
Andhra Pradesh,Nellore,34331,5226,19678,19672,19647,0,2,9425,19681,5,1
Andhra Pradesh,Prakasam,31010,416,14969,14969,14954,0,2,15623,14972,3,7
Chhattisgarh,Balrampur,4050,328,3407,2021,287,298,3,14,3280,11,2
Chhattisgarh,Bastar,6645,65,5699,5443,3507,878,3,0,4512,0,0
Chhattisgarh,Bemetara,7699,695,6496,5475,3485,245,261,2,5653,20,6
Gujarat,Ahmedabad,44907,19,41312,41312,53,1149,6,2421,41316,11,6
Bihar,Saharsa,19672,7778,11728,11264,10419,95,50,21,2212,6222,17
Bihar,Samastipur,3136,1327,1469,898,679,251,13,76,843,738,37
Andhra Pradesh,Srikakulam,17692,529,8493,8493,8490,0,3,8667,8498,1,1
Chhattisgarh,Bijapur,4544,2173,2087,1999,1269,279,5,0,3277,5,0
Gujarat,Amreli,23702,11,20315,20314,0,162,0,3214,20317,0,2
Gujarat,Anand,35386,18,24357,24347,15,1206,0,9805,24347,0,4
Bihar,Saran,22042,3160,16728,12809,5140,458,19,1677,2224,5587,23
Andhra Pradesh,Visakhapatnam,34746,183,16642,16642,16622,0,3,17918,16650,3,7
Andhra Pradesh,Vizianagaram,23165,652,9966,9966,9960,0,3,12544,9967,1,0
Chhattisgarh,Bilaspur,29626,7388,18913,17298,9624,3307,14,4,22302,53,4
Chhattisgarh,Dantewada,6696,886,5037,5036,528,764,9,0,5893,9,0
Chhattisgarh,Dhamtari,13134,12,11348,11348,4669,1571,2,201,11309,5,2
Gujarat,Aravalli,8829,14,4031,4030,0,963,0,3821,4033,2,2
Gujarat,Banas Kantha,27535,46,20618,20608,0,341,7,6523,20621,1,10
Bihar,Sheikhpura,6467,2324,4130,3542,2667,6,3,4,2106,1474,0
Bihar,Sheohar,2344,185,2142,1854,156,9,2,6,780,560,5
Andhra Pradesh,West Godavari,14946,116,7282,7282,7279,0,1,7547,7285,0,0
Chhattisgarh,Durg,53751,802,40293,40266,28583,11836,9,811,40180,44,2
Gujarat,Bharuch,18205,4,11851,11845,0,1874,0,4476,11846,1,1
Bihar,Sitamarhi,8364,1213,6736,5763,3824,372,11,32,2389,1959,21
Bihar,Siwan,6465,1880,3421,2823,542,164,6,994,1235,1381,18
Karnataka,Bagalkot,17123,921,13523,12743,11310,1385,2,1292,9599,1708,1
Andhra Pradesh,Y.S.R.,24149,1468,11742,11742,11732,0,6,10933,12060,1,5
Chhattisgarh,Gariyaband,5608,32,4491,4491,1990,1079,3,3,4798,27,1
Chhattisgarh,Janjgir-Champa,24176,5275,17959,13001,6892,913,24,5,18008,65,79
Gujarat,Bhavnagar,34740,23,30468,30462,0,271,4,3974,30467,1,4
Gujarat,Botad,12671,4,10468,10463,0,682,0,1517,10464,0,0
Gujarat,Dahod,15116,15,10066,10066,0,0,2,5033,10068,1,15
Bihar,Supaul,9748,1357,8150,6165,1569,233,6,2,2776,2833,14
Bihar,Vaishali,14446,8324,5909,4148,1780,134,14,65,2731,2183,18
Karnataka,Bangalore Rural,3377,2,3073,3035,2620,267,2,33,2362,79,0
Karnataka,Bangalore Urban,4844,218,3412,3400,3226,1198,2,14,449,50,0
Karnataka,Belgaum,20534,1232,16613,15912,13701,1798,16,875,7533,1163,0
Chhattisgarh,JashpurNagar,6478,635,5597,4519,3240,157,9,80,5554,33,31
Chhattisgarh,Kabeerdham,8409,1371,6706,6632,2832,325,3,4,6566,9,10
Chhattisgarh,Kondagaon,4630,1799,2752,1619,964,65,14,0,3926,14,0
Gujarat,Devbhoomi Dwarka,19053,140,14008,14006,0,200,1,4704,14040,1,2
Gujarat,Gandhinagar,24770,7,18157,18157,0,1107,0,5499,18157,1,0
Gujarat,Gir Somnath,21965,20,16447,16447,0,35,2,5461,16449,0,3
Jharkhand,Bokaro,12016,2,9983,9983,9477,1069,1,961,9999,10,3
Karnataka,Bellary,43195,2813,37865,33817,28594,2192,3,322,14906,927,0
Karnataka,Bidar,15728,1836,11821,9982,8611,2058,11,2,4988,1285,0
Chhattisgarh,Korba,38055,988,29893,29889,14633,6018,0,1156,28096,27,1
Chhattisgarh,Koria,19762,1338,16895,16128,10997,1486,4,39,17011,73,1
Chhattisgarh,Mahasamund,10819,2755,7722,7386,3606,342,0,0,8237,42,2
Gujarat,Jamnagar,30884,7,18751,18750,4,659,1,11466,18752,0,1
Gujarat,Junagadh,27659,15,19808,19808,2,200,4,7632,19812,0,2
Jharkhand,Chatra,3168,1,2845,2845,2823,3,0,319,2845,0,41
Jharkhand,Deoghar,15751,24,14020,14020,12992,889,5,813,14027,2,5
Karnataka,Bijapur,25006,2411,21103,15098,12510,843,13,636,8893,464,0
Chhattisgarh,Mungeli,5452,87,4245,4241,2983,1120,0,0,4196,27,2
Chhattisgarh,Narayanpur,2935,0,2932,2925,2887,2,0,1,2934,0,0
Gujarat,Kachchh,33409,22,26210,26194,1,3087,1,4089,26204,1,3
Gujarat,Kheda,40589,15,31910,31909,0,807,0,7857,31913,0,3
Jharkhand,Dhanbad,70549,1092,45997,45997,44397,2887,23,20550,46002,10,93
Jharkhand,Dumka,3915,25,3455,3455,3124,235,1,199,3457,1,1
Karnataka,Chamarajanagar,6779,85,5575,5499,5261,221,0,898,3405,488,0
Chhattisgarh,Raigarh,22755,2430,15990,11114,4076,4283,14,38,16202,94,85
Jammu & Kashmir,Anantnag,7905,1330,5055,3979,1741,1515,1,4,1480,395,1
Gujarat,Mahesana,19293,9,13126,13126,0,493,1,5664,13130,0,2
Gujarat,Mahisagar,5764,107,3818,3818,0,0,1,1838,3823,0,4
Jharkhand,Garhwa,8823,10,7774,7774,6836,465,6,568,7799,0,1
Jharkhand,Giridih,2866,10,2224,2224,2201,47,1,584,2224,0,3
Jharkhand,Godda,2409,12,2232,2232,2228,63,2,100,2229,6,7
Karnataka,Chikkaballapura,8044,489,6700,6221,4609,328,1,526,5017,726,0
Chhattisgarh,Raipur,42599,4707,29690,27642,12497,8176,8,18,28097,28,8
Jammu & Kashmir,Badgam,2913,363,1967,1909,113,582,0,1,564,79,4
Jammu & Kashmir,Bandipore,5209,135,4774,3192,343,266,1,33,1270,179,0
Gujarat,Morbi,17201,8,11796,11795,0,1006,1,4390,11798,0,2
West Bengal,Bankura,209,195,0,0,0,0,4,10,79,2,1
Jharkhand,Gumla,2864,0,2732,2732,2682,111,1,20,2738,0,0
Jharkhand,Hazaribag,3728,28,2578,2578,2525,716,2,404,2597,6,5
Karnataka,Chikmagalur,2660,44,1883,1875,1676,207,2,524,1388,116,0
Chhattisgarh,Rajnandgaon,25681,581,20194,20064,7804,4902,0,4,20079,14,3
Goa,North Goa,1255,21,1218,1181,1167,9,2,5,364,452,1
Jammu & Kashmir,Baramula,7839,3062,3638,3224,312,1129,0,10,653,241,0
Gujarat,Narmada,4944,4,419,419,0,0,0,4521,419,0,1
West Bengal,Barddhaman,7440,5875,54,54,1,1237,10,264,1247,9,3
Jharkhand,Jamtara,4602,1,3694,3694,3644,156,0,751,3696,1,1
Jharkhand,Khunti,2345,2,2218,2218,2172,1,1,123,2220,1,1
Karnataka,Chitradurga,14948,183,13366,13193,9247,1370,4,25,6118,2333,0
Chhattisgarh,Sarguja,9093,10,8388,8384,411,333,1,361,8398,3,1
Goa,South Goa,1338,58,1246,1236,1234,19,0,15,316,802,1
Jammu & Kashmir,Doda,1024,25,540,538,180,244,0,215,498,13,0
Jammu & Kashmir,Ganderbal,295,4,289,209,15,2,0,0,71,0,0
Gujarat,Navsari,14797,5,8031,8031,0,1231,0,5530,8031,0,0
Gujarat,Panch Mahals,16024,10,11531,11530,0,643,2,3838,11533,0,5
Uttarakhand,Almora,440,28,353,293,82,15,4,40,88,2,3
West Bengal,Birbhum,10776,3210,0,0,0,0,26,7540,8,3,131
West Bengal,Dakshin Dinajpur,3344,2643,0,0,0,0,4,697,4,1,0
Jharkhand,Kodarma,7893,11,7381,7381,5060,91,2,408,7383,1,0
Jharkhand,Latehar,1766,1,1689,1689,739,55,0,21,1713,1,7
Karnataka,Dakshin Kannada,1265,34,962,945,687,39,0,230,929,17,0
Karnataka,Davanagere,15161,533,9613,9003,3971,4968,1,46,6018,535,0
Chhattisgarh,Sukma,3292,1419,1873,1872,1497,0,0,0,3109,0,0
Chhattisgarh,Surajpur,5955,317,4719,3998,1454,881,4,34,4596,40,2
Jammu & Kashmir,Jammu,14170,108,11094,6054,2092,1495,0,1473,3247,555,1
Jammu & Kashmir,Kargil,767,431,304,70,4,32,0,0,120,0,0
Gujarat,Patan,18408,17,13313,13313,5,1062,0,4016,13316,0,0
Gujarat,Porbandar,13592,3,7485,7475,0,1484,0,4620,7475,0,0
Gujarat,Rajkot,49162,13,40556,40552,0,4855,1,3737,40509,1,0
Uttarakhand,Bageshwar,1015,14,643,643,267,334,0,24,600,5,0
Uttarakhand,Chamoli Gopeshwar,2114,309,1715,1368,144,47,3,40,981,27,0
Uttarakhand,Champawat,314,81,232,194,87,0,0,1,130,2,0
West Bengal,Darjeeling,52,49,0,0,0,0,2,1,2,0,1
West Bengal,Haora,491,424,0,0,0,0,1,66,0,0,1
West Bengal,Hugli-Chinsurah,5856,4078,1749,1002,730,2,3,24,4790,7,1
Jharkhand,Lohardaga,2255,1,1983,1983,1962,51,1,219,1996,0,0
Jharkhand,Pakaur,2629,3,2387,2387,2206,187,0,52,2387,0,1
Karnataka,Gadag-Betigeri,27589,1828,25266,24098,16633,481,5,9,6531,5954,0
Chhattisgarh,Uttar Bastar kanker,5283,1504,3535,2084,1249,234,6,4,4816,21,0
Jammu & Kashmir,Kathua,3899,39,2888,2271,157,710,1,261,936,272,0
Jammu & Kashmir,Kishtwar,613,59,512,392,1,42,0,0,188,15,0
Gujarat,Sabar Kantha,10525,14,7263,7263,0,0,0,3248,7266,2,7
Gujarat,Surat,15282,25,12799,12792,1,1336,0,1122,12798,1,3
Uttarakhand,Dehradun,2907,43,1998,1989,361,859,2,5,926,10,3
Uttarakhand,Garhwal,756,196,425,420,328,135,0,0,296,5,0
Uttarakhand,Hardwar,4652,608,3178,2519,1320,807,3,56,1287,46,10
West Bengal,Jalpaiguri,170,156,0,0,0,0,5,9,2,1,5
West Bengal,Koch Bihar,4180,1411,2688,1645,1636,28,3,50,3042,1,4
West Bengal,Kolkata,55,46,0,0,0,0,3,6,3,3,4
Jharkhand,Palamu,11960,22,9926,9926,6198,1303,3,706,9986,0,14
Jharkhand,Paschimi Sighbhum,5505,4,5137,5137,4513,359,1,4,5137,13,1
Karnataka,Gulbarga,21817,5147,13890,12916,10391,2762,14,4,4541,836,0
Jammu & Kashmir,Kulgam,3797,298,2715,2661,2031,771,3,10,697,36,2
Gujarat,Surendranagar Dudhrej,19663,24,16650,16648,0,621,0,2368,16653,1,3
Gujarat,Tapi,4684,2,3473,3473,0,780,0,429,3474,0,0
Gujarat,The Dangs,0,0,0,0,0,0,0,0,0,0,0
Uttarakhand,Nainital,2952,1163,1680,1389,207,72,0,37,290,339,0
Uttarakhand,Pithoragarh,1766,417,1040,985,408,147,7,155,259,33,1
Uttarakhand,Rudraprayag,165,1,158,132,95,5,0,1,80,17,0
West Bengal,Malda,4084,1914,0,0,0,0,4,2166,3,0,7
West Bengal,Murshidabad,4040,2364,2,1,1,0,12,1662,8,6,12
West Bengal,Nadia,9407,8889,83,80,0,0,2,433,8747,2,1
Jharkhand,Purbi Singhbhum,21338,10,19017,19017,11794,2134,2,175,19017,25,5
Jharkhand,Ramgarh,14243,6,11981,11981,11937,591,3,1662,12005,0,0
Jharkhand,Ranchi,39755,22,33334,33334,31672,2515,3,3881,33335,1,8
Karnataka,Hassan,2464,40,2294,2275,2058,128,1,1,1775,65,0
Karnataka,Haveri,15149,1143,13359,13128,11395,589,6,52,11739,777,0
Jammu & Kashmir,Kupwara,1974,401,1461,1372,606,112,0,0,135,274,8
Gujarat,Vadodara,28953,17,25425,25406,48,174,0,3337,25096,3,2
Gujarat,Valsad,20828,8,20652,20652,0,115,0,53,20653,0,2
Uttarakhand,Tehri,414,26,328,324,133,52,0,8,197,3,87
Uttarakhand,Udhamsingh Nagar,4755,1416,2701,1489,1030,622,8,8,512,190,12
Uttarakhand,Uttarkashi,1032,87,932,882,732,11,0,2,556,67,8
West Bengal,North 24 Paraganas,51109,19348,16518,13099,3277,1878,15,13350,5578,9,3
West Bengal,Paschim Medinipur,525,361,0,0,0,0,6,158,7,5,7
West Bengal,Purba Medinipur,5073,3151,1415,1413,0,0,6,501,1622,1,4
Jharkhand,Sahibganj,9483,3,8116,8116,5808,958,0,406,8124,0,3
Jharkhand,Seraikela,7612,20,7306,7306,1338,78,1,207,7317,1,2
Jharkhand,Simdega,2139,0,2014,2014,1854,24,0,101,2014,3,0
Karnataka,Hubli-Dharwad,30576,184,28991,28906,26428,150,2,1249,18007,2514,0
Arunachal Pradesh,Anjaw,0,0,0,0,0,0,0,0,0,0,0
Jammu & Kashmir,Leh,0,0,0,0,0,0,0,0,0,0,0
Jammu & Kashmir,Pulwama,2547,156,2080,1540,175,303,4,4,826,179,6
West Bengal,Puruliya,346,324,0,0,0,0,0,22,0,0,1
West Bengal,South 24 Paragnas,20872,11504,35,2,0,0,10,9323,105,63,4
West Bengal,Uttar Dinajpur,496,310,0,0,0,0,8,178,19,2,7
Karnataka,Kodagu,624,8,570,570,480,46,0,0,494,19,0
Arunachal Pradesh,Changlang,134,1,132,132,132,1,0,0,132,1,0
Arunachal Pradesh,Dibang Valley,0,0,0,0,0,0,0,0,0,0,0
Jammu & Kashmir,Punch,1105,0,523,494,25,341,0,241,251,77,3
Jammu & Kashmir,Rajouri,2374,401,1638,1628,100,193,0,142,1074,220,6
Jammu & Kashmir,Ramban,682,0,337,337,207,233,1,111,272,3,15
Karnataka,Kolar,15685,2989,10377,10377,8163,2204,2,113,8447,867,0
Karnataka,Koppal,17329,1494,15029,13649,10008,801,3,2,3049,409,0
Arunachal Pradesh,East Kameng,152,123,29,0,0,0,0,0,151,0,0
Jammu & Kashmir,Reasi,694,2,446,446,161,18,0,228,321,24,0
Jammu & Kashmir,Samba,1319,43,1027,1027,575,27,0,222,769,30,13
Jammu & Kashmir,Shupiyan,660,0,547,371,350,111,0,2,97,102,0
Karnataka,Mandya,4264,79,3149,3134,2364,263,5,768,2832,87,0
Karnataka,Mysore,8417,25,7500,7485,7282,572,1,319,5485,1034,0
Karnataka,Raichur,31117,1469,25361,24907,10044,4273,12,2,6620,2418,0
Assam,Baksa,5,5,0,0,0,0,0,0,0,0,0
Arunachal Pradesh,East Siang,77,0,76,72,72,0,0,1,75,0,0
Arunachal Pradesh,Karung Kumey,66,60,5,5,5,1,0,0,62,0,0
Arunachal Pradesh,Kra Dadi,1,1,0,0,0,0,0,0,0,0,0
Jammu & Kashmir,Srinagar,24142,14720,7541,6793,834,1871,7,3,525,118,2
Jammu & Kashmir,Udhampur,1179,121,991,991,448,30,0,37,557,88,0
Karnataka,Ramanagara,5052,2,4448,4448,2936,259,0,343,3973,142,0
Karnataka,Shimoga,9368,40,7133,7054,5390,2087,1,107,4553,613,0
Assam,Barpeta Road,3375,3192,149,148,0,10,3,21,38,14,1
Arunachal Pradesh,Lohit,320,23,290,96,96,6,1,0,271,37,1
Arunachal Pradesh,Lower Dibang Valley,683,8,653,526,405,21,0,1,525,1,0
Karnataka,Tumkur,14954,127,9708,9694,7922,2149,0,2970,7501,449,0
Karnataka,Udupi,539,29,434,429,346,23,0,53,358,62,0
Assam,Bongaigaon,1201,297,878,285,0,15,0,11,52,17,1
Arunachal Pradesh,Lower Subansari,286,278,8,0,0,0,0,0,54,0,0
Karnataka,Uttara Kannada,9019,80,8178,7955,6756,511,0,250,5200,993,0
Karnataka,Yadgir,13543,3004,10280,9191,7285,166,10,83,2904,487,0
Assam,Cachar,2720,2562,154,7,0,0,1,3,0,0,0
Assam,Chairang,160,143,0,0,0,0,2,15,0,0,1
Assam,Darrang,601,407,159,110,0,0,1,34,48,38,0
Arunachal Pradesh,Papum Pare,123,1,103,10,10,19,0,0,87,1,0
Arunachal Pradesh,Siang,0,0,0,0,0,0,0,0,0,0,0
Arunachal Pradesh,Tawang,104,12,92,92,91,0,0,0,92,0,0
Haryana,Ambala,7707,414,5170,5169,4774,1812,3,308,5160,3,1
Assam,Dhemaji,2092,1747,340,66,0,0,1,4,3,0,0
Arunachal Pradesh,Tirap,322,166,154,54,54,2,0,0,322,0,0
Arunachal Pradesh,Upper Siang,48,0,47,0,0,1,0,0,48,0,0
Haryana,Bhiwani,3353,323,1715,1711,1139,1310,4,1,1321,110,9
Haryana,Faridabad,18953,2558,14297,14297,13497,2075,15,8,10137,40,13
Assam,Dhubri,11037,9067,1142,246,0,1,5,822,369,342,2
Assam,Dibrugarh,3013,1755,1222,511,0,32,1,3,0,1,0
Arunachal Pradesh,Upper Subansari,111,0,111,111,111,0,0,0,111,0,0
Arunachal Pradesh,West Kameng,2,2,0,0,0,0,0,0,0,0,0
Haryana,Fatehabad,566,49,316,315,308,197,3,1,301,1,6
Assam,Dima Hassao,2632,1163,760,2,0,4,0,705,44,1,0
Arunachal Pradesh,West Siang,210,0,210,0,0,0,0,0,206,0,0
Haryana,Gurgaon,6283,222,5772,5687,5366,275,2,12,5642,27,2
Haryana,Hisar,8494,2336,2821,2798,1504,3248,3,86,2209,16,71
Haryana,Jhajjar,1922,109,1046,949,872,592,3,172,607,2,1
Assam,Goalpara,1479,986,448,0,0,1,1,43,317,0,0
Assam,Golaghat,65556,43051,318,171,1,6082,0,16105,67,20,0
Haryana,Jind,2375,136,1050,1045,1017,1182,3,4,760,72,5
Haryana,Kaithal,4024,246,2728,2713,2256,896,1,153,2029,19,1
Haryana,Karnal,10163,207,7364,7041,6558,2500,2,90,7007,212,2
Assam,Hailakandi,1710,1544,122,47,0,18,6,20,2,4,6
Assam,Jorhat,5923,4970,455,345,0,2,4,492,55,8,2
Haryana,Kurushetra,542,14,215,206,173,304,2,7,190,9,16
Haryana,Mahendragarh,2812,788,1414,1385,1181,595,6,9,914,104,8
Assam,Kamrup,384,327,0,0,0,0,2,55,0,0,2
Haryana,Mewat,2095,202,1146,1106,1059,699,3,45,843,2,10
Assam,Kamrup Metropolitian,11625,4844,6777,6777,1,0,3,1,282,83,27
Haryana,Palwal,4143,1422,1827,1398,1397,730,12,152,803,455,31
Haryana,Panchkula,8342,140,7887,7096,6821,269,36,10,7839,20,4
Assam,Karbi Anlong,70001,31098,1150,145,0,5574,11,32168,6,4,11
Assam,Karimganj,832,766,10,0,0,0,2,54,2,1,0
Haryana,Panipat,3723,554,3087,1988,990,49,3,30,1831,23,4
Haryana,Rewari,1032,170,733,729,716,106,5,18,461,4,3
Haryana,Rohtak,7034,43,3054,3035,2998,3461,0,476,2621,67,2
Assam,Kokrajhar,34,21,0,0,0,0,1,12,0,0,0
Haryana,Sirsa,508,28,128,127,125,352,0,0,129,1,4
Assam,Majuli,0,0,0,0,0,0,0,0,0,0,0
Assam,Marigaon,3693,954,0,0,0,0,4,2735,3,1,0
Assam,Nagaon,55566,17818,1936,591,41,2568,21,33223,471,15,7
Haryana,Sonipat,5857,226,3034,3009,2254,2562,3,32,2493,90,7
Haryana,Yamunanagar,4610,87,3027,3005,2723,886,1,609,2842,86,0
Assam,Nalbari,848,483,240,1,0,0,0,125,1,2,0
Assam,North Lakhimpur,2279,1468,788,305,0,1,3,19,45,3,4
Assam,Sibsagar,1982,1845,105,58,0,26,0,6,36,1,0
Assam,Sonitpur,1791,1333,8,0,0,0,2,448,2,0,17
Assam,Tinsukia,341,202,136,0,0,3,0,0,2,4,1
Assam,Udalguri,1163,411,87,86,0,0,1,664,98,0,0
Chandigarh,Chandigarh,6120,3,6117,6117,0,0,0,0,6117,0,2
Dadra & Nagar Haveli,Dadara and Nagar Haveli,1527,0,1039,1039,998,320,0,168,1040,0,0
Uttar Pradesh,Agra,183991,14372,22146,21332,16867,121133,135,26205,11067,3398,124
Uttar Pradesh,Aligarh,86747,5003,17469,16519,11472,49515,102,14658,4650,2086,50
Uttar Pradesh,Allahabad,63514,2036,25445,22859,18085,31903,78,4052,8727,4687,187
Uttar Pradesh,Ambedkar Nagar,29781,7234,14763,14043,12637,6291,99,1394,3185,4913,367
Uttar Pradesh,Amethi,13586,3928,3733,2974,2623,4572,37,1316,513,395,164
Uttar Pradesh,Amroha,83119,803,7412,7298,6073,59409,79,15416,6054,1660,422
Uttar Pradesh,Auraiya,39805,1016,7808,6379,5190,30768,54,159,1686,1957,120
Uttar Pradesh,Azamgarh,27853,2122,11056,10234,8551,13377,74,1224,4226,4759,122
Uttar Pradesh,Baghpat,10062,945,3416,3227,2321,5673,21,7,1001,772,10
Tripura,Dhalai,137,4,132,1,1,0,0,1,1,0,0
Uttar Pradesh,Bahraich,20883,3228,5987,4586,3500,11534,50,84,1283,1300,59
Uttar Pradesh,Ballia,38487,3297,11427,8276,6237,16928,54,6781,596,731,45
Tripura,Gomati,86,2,84,42,42,0,0,0,0,3,0
Tripura,Khowai,13,11,0,0,0,0,0,2,2,0,0
Tripura,North Tripura,11,8,0,0,0,1,0,2,0,0,0
Uttar Pradesh,Balrampur,13176,657,3864,3836,3397,8583,41,31,2098,1395,27
Uttar Pradesh,Banda,29102,1517,15162,14138,9156,11792,103,528,4853,1455,59
Tripura,Sipahijala,3,3,0,0,0,0,0,0,2,0,3
Tripura,South Tripura,77,75,0,0,0,0,0,2,0,0,0
Tripura,Unakoti,14,12,0,0,0,0,0,2,1,0,0
Uttar Pradesh,Bara Banki,28048,2894,11879,10003,8743,13078,55,142,2616,2201,531
Uttar Pradesh,Bareilly,64943,5651,18993,18780,16332,37265,111,2923,8551,2753,75
Tripura,West Tripura,68,64,0,0,0,0,1,3,1,0,0
Uttar Pradesh,Basti,15802,1944,5512,4735,3318,7885,31,430,1041,746,47
Uttar Pradesh,Bhadohi,58359,10838,7449,7334,5257,39007,58,1007,1127,2068,155
Uttar Pradesh,Bijnor,80611,531,8479,8473,6844,64377,40,7184,7924,163,110
Uttar Pradesh,Budaun,63329,4870,27308,25393,17599,30414,189,548,11530,5484,236
Uttar Pradesh,Bulandshahr,133466,3582,14036,11851,8633,107753,59,8036,5463,2336,94
Uttar Pradesh,Chandauli,13713,1233,5256,5013,4270,7125,17,82,854,475,29
Uttar Pradesh,Chitrakoot Dham (Karwi),10628,1346,5495,4849,1855,3766,12,9,1176,3355,9
Uttar Pradesh,Deoria,21904,1619,12209,11570,9734,7639,98,339,3937,3410,118
Uttar Pradesh,Etah,79096,1029,6526,5871,5079,57848,55,13638,1644,1054,55
Uttar Pradesh,Etawah,21500,2480,7026,5928,5353,11438,47,509,2470,1634,65
Uttar Pradesh,Faizabad,16969,1619,5977,5876,5251,8987,62,324,1422,936,83
Uttar Pradesh,Farrukhabad,40257,3185,11942,9786,6221,21606,51,3473,3010,779,45
Uttar Pradesh,Fatehpur,21109,718,13394,12505,10789,6460,42,495,2164,1589,92
Uttar Pradesh,Firozabad,123128,1867,14270,14133,9215,99292,96,7603,4686,2689,58
Uttar Pradesh,Gautam Buddha Nagar,10849,98,2101,1913,1455,8633,7,10,918,375,7
Uttar Pradesh,Ghaziabad,14464,337,10410,10193,8520,3498,32,187,8066,937,45
Uttar Pradesh,Ghazipur,33428,2390,11576,11095,9226,10016,78,9368,2236,1578,242
Uttar Pradesh,Gonda,11265,535,4320,2972,2133,6233,34,143,2154,991,82
Uttar Pradesh,Gorakhpur,30052,6954,14892,14010,12003,7699,80,427,8312,2876,134
Uttar Pradesh,Hamirpur,18682,881,11520,10831,7622,6065,82,134,3018,2745,228
Uttar Pradesh,Hapur,12932,844,6528,6484,4618,5475,32,53,4751,198,50
Uttar Pradesh,Hardoi,54162,5458,22097,21198,15970,24182,93,2332,7260,3155,1404
Uttar Pradesh,Hathras,61687,2044,12189,12132,9225,38453,59,8942,5896,2058,148
Uttar Pradesh,Jalaun,40987,622,15376,13483,7443,23409,78,1502,5027,2854,92
Uttar Pradesh,Jaunpur,31861,3353,7774,7163,5402,20363,51,320,2650,806,52
Uttar Pradesh,Jhansi,33698,4380,23194,22127,10105,5847,119,158,8659,2445,538
Uttar Pradesh,Kannauj,74705,1533,10134,8468,6955,59644,63,3331,5632,2237,260
Uttar Pradesh,Kanpur,35909,246,12781,12054,4142,20885,50,1947,4951,1765,21
Uttar Pradesh,Kanpur Dehat,34436,3423,9086,8151,6443,20538,38,1351,1850,1634,228
Uttar Pradesh,Kasganj,42316,3013,10265,9207,7782,26758,80,2200,5556,1466,239
Uttar Pradesh,Kaushambi,12588,1787,8621,8351,4634,1835,21,324,2104,1719,73
Tamil Nadu,Ariyalur,5282,503,4717,4262,1973,57,3,2,3856,181,0
Uttar Pradesh,Kheri,31394,2992,15197,14246,12584,12629,105,471,6780,2633,163
Tamil Nadu,Chennai,9220,5,6770,6770,6181,829,0,1616,5913,442,284
Tamil Nadu,Coimbatore,19867,941,18354,17965,11302,348,3,221,17602,58,7
Uttar Pradesh,Kushinagar,40706,19933,10614,8533,6517,9275,89,795,2934,1810,532
Uttar Pradesh,Lalitpur,15560,556,9443,9436,7120,5452,51,58,4388,1794,23
Tamil Nadu,Cuddalore,20543,1472,18350,16537,12185,612,1,108,13905,256,3
Tamil Nadu,Dharmapuri,9322,92,8845,8713,7384,377,2,6,6476,270,1
Uttar Pradesh,Lucknow,43034,1980,28399,27994,17485,12188,36,431,7391,6431,483
Uttar Pradesh,Maharajganj,18627,3296,8398,6823,5837,6135,45,753,2562,1473,351
Tamil Nadu,Dindigul,22492,1785,19334,18210,14358,1303,2,68,15624,377,2
Tamil Nadu,Erode,29287,1143,25858,23764,20976,694,5,1587,17259,143,1
Tamil Nadu,Kancheepuram,29622,661,27273,26758,16751,1408,8,272,16952,407,0
Sikkim,East District,438,0,433,420,390,4,0,1,305,1,0
Uttar Pradesh,Mahoba,19216,2179,10161,9529,8203,6502,42,332,1085,1327,300
Uttar Pradesh,Mainpuri,45728,2002,10411,10084,8853,32063,79,1173,4937,892,113
Tamil Nadu,Kanniyakumari,4474,127,3798,3643,3055,538,7,4,2963,39,27
Tamil Nadu,Karur,12469,811,11193,10809,9842,218,1,246,9223,96,0
Tamil Nadu,Krishnagiri,5729,111,4897,4883,4547,111,0,610,4176,28,1
Sikkim,North District,77,0,77,77,77,0,0,0,73,0,2
Sikkim,South District,294,0,292,292,278,2,0,0,250,4,0
Sikkim,West District,203,0,201,201,200,1,0,1,149,0,0
Uttar Pradesh,Mathura,75721,8008,10019,9424,8035,46313,94,11287,4749,1620,216
Uttar Pradesh,Mau,22306,2945,12645,10962,9490,6170,90,456,2384,2447,58
Tamil Nadu,Madurai,16577,586,12628,10514,5842,3352,0,11,11762,260,0
Tamil Nadu,Nagapattinam,12915,2310,10122,9680,7721,120,0,363,8289,207,3
Uttar Pradesh,Meerut,42238,6941,19246,18098,13522,15709,63,279,5302,2029,45
Uttar Pradesh,Mirzapur-cum-Vindhyachal,52055,2498,12306,11801,7079,36427,83,741,2360,2806,48
Tamil Nadu,Namakkal,16722,573,15357,14932,9977,340,2,450,14271,97,0
Tamil Nadu,Perambalur,2511,203,2140,1800,1358,21,0,147,1842,5,0
Tamil Nadu,Pudukkottai,6148,685,5317,5093,4055,130,5,11,5158,32,0
Uttar Pradesh,Moradabad,38539,1959,8230,8141,7020,26051,110,2189,3028,1107,115
Uttar Pradesh,Muzaffarnagar,17279,1424,7697,7692,6400,7778,47,333,6972,283,39
Tamil Nadu,Ramanathapuram,13294,1568,10714,7216,5924,1005,2,5,8278,131,2
Tamil Nadu,Salem,41362,6841,32145,27642,21239,1469,8,899,26758,833,2
Tamil Nadu,Sivaganga,7423,447,6346,5901,4131,548,5,77,5185,198,0
Uttar Pradesh,Pilibhit,16674,3592,8491,8110,3122,4529,44,18,1877,1425,37
Tamil Nadu,Thanjavur,13207,2638,9910,8810,6525,521,5,133,8143,247,9
Tamil Nadu,The Nilgiris,14437,1657,10663,9101,7750,2041,0,76,8481,104,2
Uttar Pradesh,Pratapgarh,23565,2387,9032,7242,5116,11821,26,299,1476,868,20
Tamil Nadu,Theni Allinagaram,16218,628,14502,13074,10294,962,6,120,12940,314,0
Tamil Nadu,Thiruvallur,15216,3416,10565,10036,5802,1168,2,65,7695,113,1
Tamil Nadu,Thiruvarur,7654,643,6418,6015,4750,177,3,413,5918,34,0
Uttar Pradesh,Rae Bareli,14040,1745,8639,8553,5078,3024,16,616,2656,1520,6
Uttar Pradesh,Rampur,31266,7076,4517,3214,2840,19151,96,426,1393,634,68
Tamil Nadu,Thoothukkudi,11888,947,10522,9060,6920,389,4,26,8839,95,7
Tamil Nadu,Tiruchirappalli,14824,1689,11980,11016,9488,703,14,438,11003,178,10
Tamil Nadu,Tirunelveli,43671,3712,37505,33537,28712,1611,6,837,34196,637,0
Uttar Pradesh,Saharanpur,13730,735,9367,9239,8729,3303,104,221,3786,1498,27
Uttar Pradesh,Sambhal,43492,1838,8035,7832,5890,33289,50,280,4224,1107,52
Tamil Nadu,Tiruppur,21362,622,19658,17389,12013,974,4,104,15083,183,6
Tamil Nadu,Tiruvannamalai,12840,855,11779,11608,8646,183,6,17,9697,210,2
Tamil Nadu,Vellore,30671,2691,25775,21438,15245,2161,5,39,19575,232,3
Uttar Pradesh,Sant Kabir Nagar,24531,1909,6655,5863,4965,15202,28,737,1440,1245,23
Uttar Pradesh,Shahjahanpur,25336,2896,15151,13296,10370,6264,78,947,6357,3379,142
Rajasthan,Ajmer,13493,124,10940,10831,10246,2413,3,13,9323,68,14
Tamil Nadu,Viluppuram,9342,675,7767,7451,6166,887,6,7,6995,25,5
Tamil Nadu,Virudhunagar,25558,697,23395,21524,19435,530,2,934,16192,449,0
Uttar Pradesh,Shamli,13343,754,6996,6762,6144,5294,41,258,4928,787,107
Uttar Pradesh,Siddharthnagar,15564,2899,8941,8137,3095,2912,34,778,2984,275,74
Rajasthan,Alwar,13347,33,10356,10356,8482,1407,5,1546,9570,51,16
Rajasthan,Banswara,3543,4,2844,2844,1532,687,5,3,2013,126,9
Uttar Pradesh,Sitapur,30659,6048,16164,13511,7416,7875,71,501,3843,5239,147
Uttar Pradesh,Sonbhadra,29974,1670,6273,5687,4312,18493,30,3508,1771,1180,90
Rajasthan,Baran,13601,642,10913,10887,8658,1753,5,288,6589,303,11
Rajasthan,Barmer,11564,240,10370,10320,5904,910,6,38,10062,10,27
Rajasthan,Bharatpur,22987,1351,19830,18828,11926,1648,5,153,14554,808,24
Uttar Pradesh,Srawasti,3067,926,1666,1666,324,457,13,5,390,566,15
Rajasthan,Bhilwara,14111,118,13050,11998,8838,914,7,22,6755,304,12
Uttar Pradesh,Sultanpur,5004,265,2889,2288,1724,1700,27,123,878,413,115
Rajasthan,Bikaner,17125,289,5292,5292,5172,11005,3,536,4905,1,9
Uttar Pradesh,Unnao,34204,3704,18772,17746,11874,11338,68,322,6420,3016,42
Uttar Pradesh,Varanasi,22716,1090,11046,11046,3330,10143,41,396,9080,804,40
Rajasthan,Bundi,14085,298,12109,11688,6879,1328,4,346,9774,437,9
Rajasthan,Chittaurgarh,9256,156,8162,8115,3838,725,0,213,7721,88,3
Rajasthan,Churu,17884,907,13758,13758,7532,3028,16,175,12383,367,15
Rajasthan,Dausa,9164,21,6334,6324,5038,2310,24,475,6022,35,420
Rajasthan,Dhaulpur,16296,2828,10795,9945,4638,2640,16,17,9268,187,18
Rajasthan,Dungarpur,3713,4,3264,3264,3119,80,2,363,3264,3,2
Rajasthan,Ganganagar,18511,11,13954,13954,8911,4537,3,6,13020,39,24
Rajasthan,Hanumangarh,25004,113,19397,19396,17229,1961,3,3530,18099,71,12
Rajasthan,Jaipur,36129,464,27618,27618,14275,5658,18,2371,27566,23,121
Rajasthan,Jaisalmer,2850,1062,1693,1497,976,90,3,2,1360,130,2
Rajasthan,Jalor,10373,361,9646,9120,5904,361,3,2,7598,123,19
Rajasthan,Jhalawar,7784,101,6900,6815,5586,766,3,14,5461,245,15
Rajasthan,Jhunjhunun,12308,223,10165,10103,5519,1498,9,413,9514,48,20
Rajasthan,Jodhpur,13880,942,9472,9384,3680,3435,13,18,7313,615,25
Rajasthan,Karauli,17558,6448,10404,10351,4368,681,10,15,9582,213,16
Rajasthan,Kota,32739,268,20492,20473,17737,10149,14,1816,10827,491,36
Rajasthan,Nagaur,20800,2463,16684,16369,11057,1620,12,21,15351,655,248
Rajasthan,Pali,22574,193,20137,19920,15447,2222,7,15,12696,224,20
Rajasthan,Pratapgarh,1790,16,1622,1622,638,77,1,74,1364,0,5
Rajasthan,Rajsamand,4181,229,3752,3442,3124,82,1,117,2623,51,3
Rajasthan,Sawai Madhopur,9523,18,9078,9078,4886,136,6,285,7805,120,14
Rajasthan,Sikar,12412,767,10066,9997,7878,775,9,795,8802,158,41
Rajasthan,Sirohi,4495,808,3429,3231,2195,257,1,0,1748,277,10
Rajasthan,Tonk,18921,3230,14510,10752,8310,1126,3,52,10035,70,10
Rajasthan,Udaipur,6871,488,5836,5527,4414,387,2,158,5017,70,5
Telangana,Adilabad,18650,7972,10672,10672,9775,0,0,6,10676,0,0
Telangana,Hyderabad,8834,5656,3177,3177,3161,0,1,0,3180,0,0
Telangana,Karimnagar,17542,6593,10949,10949,10596,0,0,0,10951,2,1
Telangana,Khammam,16430,5585,10843,10843,10254,0,2,0,10848,0,1
Telangana,Mahbubnagar,18124,7985,10138,10138,9890,0,1,0,10142,1,4
Punjab,Amritsar,11398,254,11002,11002,9451,126,0,16,9635,49,1
Telangana,Medak,13165,5991,7173,7173,7012,0,0,1,7174,0,10
Punjab,Barnala,2450,404,1196,1189,937,849,1,0,756,61,4
Punjab,Bathinda,14666,726,13218,11779,11129,469,5,248,12720,27,666
Punjab,Faridkot,3547,383,3160,1953,1942,4,0,0,2937,21,1
Telangana,Medchal,339,135,203,203,196,0,1,0,204,0,0
Telangana,Nagarkurnool,2680,925,1754,1754,1691,0,1,0,1755,1,0
Telangana,Nalgonda,11411,5735,5672,5672,5110,0,4,0,5675,1,3
Punjab,Fazilka,4003,256,2697,419,411,711,6,333,940,176,111
Punjab,Firozpur,6120,508,5545,5338,3663,44,1,22,5023,21,5
Punjab,Gurdaspur,8683,255,8270,8200,6237,155,1,2,4971,237,156
Telangana,Nirmal,7074,3871,3202,3202,3184,0,1,0,3206,1,0
Telangana,Nizamabad,13451,4413,9038,9038,8777,0,0,0,9039,0,2
Punjab,Hoshiarpur,3489,72,2848,2823,2790,560,4,5,1807,91,22
Punjab,Jalandhar,3276,27,3065,2676,2129,181,0,3,2399,40,0
Punjab,Kapurthala,1781,5,1686,1662,1626,31,0,59,750,493,3
Telangana,Rangareddy,8975,4534,4439,4439,4186,0,1,1,4447,2,2
Telangana,Siddipet,6275,1273,5001,5001,4794,0,1,0,5003,0,0
Telangana,Sircilla,7362,2628,4734,4734,4670,0,0,0,4734,0,0
Punjab,Ludhiana,12594,676,11170,10637,1340,746,1,1,10212,42,1
Telangana,Suryapet,7152,1406,5746,5746,5568,0,0,0,5747,0,0
Telangana,Warangal,64471,35224,29242,29242,28548,0,4,1,29257,7,4
Punjab,Mansa,6317,169,5963,4958,3256,168,2,15,5362,207,1
Punjab,Moga,5578,528,4865,4723,4306,178,6,1,3957,90,1118
Telangana,Yadadri,1223,342,881,881,879,0,0,0,881,0,1
Punjab,Muktsar,4840,869,3890,3260,3233,72,0,9,3072,0,8
Punjab,Pathankot,66,66,0,0,0,0,0,0,0,0,0
Punjab,Patiala,4444,133,2341,2329,1707,1923,1,46,1801,252,0
Punjab,Rupnagar,2100,72,1703,1513,1252,298,1,26,1172,62,2
Punjab,S.A.S. Nagar (Mohali),2916,10,2393,2346,2180,393,0,120,2091,9,216
Punjab,Sahid Bhgat Singh Nagar,985,13,941,937,894,29,0,2,491,0,0
Punjab,Sangrur,5899,329,4974,4960,4423,567,2,27,4264,64,10
Punjab,Sirhind Fatehgarh Sahib,878,57,577,530,518,2,0,242,529,6,0
Punjab,Tarn Taran,2186,70,1838,1802,1623,276,0,2,985,56,23
Puducherry,Karaikal,3357,4,2163,2161,1769,1151,0,39,323,3,0
Puducherry,Mahe,69,0,68,68,67,1,0,0,64,0,0
Puducherry,Puducherry,5870,756,4538,4394,4310,564,10,2,1388,70,2
Puducherry,Yanam,1,0,0,0,0,0,0,1,0,0,0
Odisha,Anugul,4690,346,4025,4003,3599,313,0,6,697,80,1
Odisha,Balangir,7760,1405,5983,5459,4128,243,2,127,1698,14,2
Odisha,Baleshwar,10084,1038,8243,8217,6250,742,4,57,1920,29,7
Odisha,Bargarh,5576,211,5079,4983,3725,270,4,12,826,14,3
Odisha,Baudhgarh,3198,2,1275,1124,697,1920,0,1,268,6,0
Odisha,Bhadrak,7056,255,6658,6289,2825,139,0,4,1730,330,0
Odisha,Cuttack,14241,162,13666,13541,9397,378,4,31,4826,197,1
Odisha,Debagarh,3241,216,3018,2327,1368,7,0,0,367,18,0
Odisha,Dhenkanal,9547,3560,5852,5003,3823,114,1,20,860,43,6
Odisha,Gajapati,2346,78,2255,1864,1431,12,0,1,567,3,0
Odisha,Ganjam,17540,1440,15637,13133,5983,441,2,20,2654,509,4
Odisha,Jagatsinghapur,7178,160,6965,6949,5180,47,0,6,1465,106,2
Odisha,Jajapur,2649,1072,1566,1547,325,6,3,2,169,2,0
Odisha,Jharsuguda,10987,864,9911,8712,3024,182,2,28,1928,869,8
Odisha,Kalahandi,6710,235,6373,5889,1660,98,2,2,1222,20,0
Odisha,Kandhamal,3964,481,3369,3253,444,110,0,4,989,235,0
Odisha,Kendrapara,5058,899,4101,3366,3176,56,1,1,756,55,1
Odisha,Kendujhar,12006,1846,10077,8540,5641,74,3,6,1801,90,5
Odisha,Khordha,35773,639,25777,25626,5423,9316,0,41,8544,2239,2
Nagaland,Dimapur,18632,18605,0,0,0,0,11,16,20,5,0
Odisha,Koraput,7668,291,7135,7082,1843,190,1,51,768,170,0
Odisha,Malkangiri,2238,88,2137,1981,762,10,0,3,530,4,1
Odisha,Mayurbhanj,8395,458,7722,6991,3292,145,0,70,1550,54,1
Nagaland,Kiphire,361,60,300,0,0,1,0,0,112,0,0
Nagaland,Kohima,410,409,0,0,0,0,1,0,1,1,0
Nagaland,Longleng,660,660,0,0,0,0,0,0,0,0,0
Odisha,Nabarangapur,3494,51,3423,2455,2024,19,1,0,200,59,0
Odisha,Naupada,3102,299,2682,2653,1719,121,0,0,753,104,0
Odisha,Nayagarh,3474,773,2526,2047,1427,157,9,9,693,35,1
Nagaland,Mokokchung,1088,1088,0,0,0,0,0,0,132,0,0
Nagaland,Mon,566,336,230,1,0,0,0,0,0,0,0
Nagaland,Peren,367,367,0,0,0,0,0,0,0,0,0
Nagaland,Phek,376,376,0,0,0,0,0,0,19,4,0
Odisha,Puri,10691,1187,9350,8577,6374,138,1,15,2226,421,2
Odisha,Rayagada,4424,244,3956,3900,3539,214,1,9,857,184,0
Odisha,Sambalpur,13161,178,12799,12182,956,167,2,15,442,36,1
Nagaland,Tuensang,1654,1654,0,0,0,0,0,0,0,0,0
Nagaland,Wokha,280,280,0,0,0,0,0,0,2,0,0
Nagaland,Zunheboto,1216,1215,0,0,0,0,1,0,1,0,0
Odisha,Subarnpur,4820,1217,2854,2670,2011,749,0,0,427,2,0
Odisha,Sundargarh,17866,483,16438,15863,4701,672,1,272,3748,1510,0
Mizoram,Aizawl,391,67,318,288,20,6,0,0,291,95,0
Mizoram,Champhai,219,0,218,218,218,1,0,0,178,41,0
Mizoram,Kolasib,182,172,10,10,10,0,0,0,0,0,0
Mizoram,Lawngtlai,288,0,288,288,288,0,0,0,288,0,0
Mizoram,Lunglei,170,1,167,167,167,0,2,0,104,0,1
Mizoram,Mamit,184,0,184,133,133,0,0,0,133,50,0
Mizoram,Saiha,33,0,33,33,33,0,0,0,33,0,0
Mizoram,Serchhip,422,0,286,286,286,48,0,88,189,25,0
Manipur,Bishnupur,5372,1544,3416,2711,2460,164,2,246,1544,57,2
Manipur,Chandel,0,0,0,0,0,0,0,0,0,0,0
Manipur,Imphal East,7416,761,6509,5350,3471,135,1,10,1381,110,3
Manipur,Imphal west,7024,1851,4959,3190,3098,209,4,1,1368,116,57
Manipur,Thoubal,6619,1936,4446,3744,2645,227,6,4,1038,524,6
Maharashtra,Ahmadnagar,28991,447,26647,22647,12503,1523,9,365,18279,150,5
Maharashtra,Akola,30098,3083,26039,25600,14676,966,6,4,22053,479,1
Maharashtra,Amravati,38576,1293,31909,30070,23128,3885,9,1480,26894,649,6
Maharashtra,Aurangabad,28348,1666,22893,22824,14778,3753,13,23,18260,294,10
Maharashtra,Beed,36827,2648,29687,22804,18347,4458,26,8,19530,1958,10
Maharashtra,Bhandara,6866,33,6174,6061,3522,636,1,22,5347,279,1
Maharashtra,Buldana,40535,4665,31897,30629,20608,3337,10,626,22391,1215,13
Maharashtra,Chandrapur,32654,931,29954,29499,18943,1729,1,39,23193,1650,2
Maharashtra,Dhule,16471,2347,9303,8416,4795,4804,8,9,7809,138,12
Maharashtra,Gadchiroli,17361,632,14611,13736,11806,1496,11,611,9440,1354,11
Maharashtra,Gondiya,10290,205,7814,7659,6707,2264,6,1,6236,298,6
Maharashtra,Hingoli,16297,2942,10728,9636,6411,2566,26,35,8647,140,11
Maharashtra,Jalgaon,42408,3992,36367,34694,27600,1987,28,34,24949,335,15
Maharashtra,Jalna,31489,8935,21313,17352,14485,1200,26,15,14493,1749,53
Maharashtra,Kolhapur,9434,342,7379,6625,3778,1428,1,284,5676,37,4
Maharashtra,Latur,35397,1082,28883,27578,20616,5405,7,20,22259,563,19
Maharashtra,Mumbai,3889,64,3320,2140,1963,485,11,9,523,8,18
Maharashtra,Mumbai Suburban,14885,151,12480,9035,8149,2179,11,64,1381,125,13
Maharashtra,Nagpur,44289,407,28141,27286,22539,13987,14,1740,23909,703,28
Maharashtra,Nanded Waghala,49114,5585,33656,29991,22366,9813,26,34,25458,1654,129
Maharashtra,Nandurbar,9516,1888,7297,6264,3846,326,3,2,7292,10,4
Maharashtra,Nashik,53115,1566,50266,32965,22680,1252,4,27,24325,629,9
Maharashtra,Osmanabad,22382,1566,18105,16850,11801,2677,2,32,13181,272,6
Maharashtra,Palghar,26686,493,25366,16606,15436,795,3,29,16470,29,0
Maharashtra,Parbhani,46622,7905,35469,31446,27017,3220,21,7,18986,3385,12
Maharashtra,Pune,78509,4431,61690,61061,56568,8176,28,4184,59393,209,27
Maharashtra,Raigadh,13948,2342,8244,6660,3146,1454,1,1907,5694,110,5
Maharashtra,Ratnagiri,4503,167,2233,2149,2088,373,1,1729,1969,8,0
Maharashtra,Sangli,14650,788,10980,10566,9068,2875,2,5,8513,372,9
Maharashtra,Satara,7361,1383,5369,5039,4988,560,3,46,4421,20,7
Maharashtra,Sindhudurga,841,19,704,635,537,99,1,18,641,4,1
Maharashtra,Solapur,53195,1551,41408,39319,24851,10121,18,97,27879,533,17
Maharashtra,Thane,41053,4286,31751,29092,24231,3676,34,1306,24511,309,9
Maharashtra,Wardha,14253,1282,11675,11115,8528,1279,6,11,9309,955,8
Maharashtra,Washim,18937,90,16535,14342,10171,2266,6,40,11375,813,7
Maharashtra,Yavatmal,34130,2585,29161,27711,20564,2343,14,27,20890,882,13
Madhya Pradesh,Agar Malwa,4897,707,3585,3530,2499,572,2,31,3100,33,1
Madhya Pradesh,Alirajpur,2585,438,1126,1049,572,1021,0,0,905,3,0
Madhya Pradesh,Anuppur,9553,2309,6116,4998,3420,1121,2,5,4658,2,1
Madhya Pradesh,Ashoknagar,15407,3951,7778,6106,3058,3666,5,7,6524,259,10
Madhya Pradesh,Balaghat,14853,1737,8881,8564,6159,4225,1,9,5841,22,2
Madhya Pradesh,Barwani,11285,1375,7342,7285,4176,2563,0,5,5268,47,2
Madhya Pradesh,Betul,15941,1636,9660,9217,5372,4633,3,9,9002,45,2
Madhya Pradesh,Bhind,17682,1391,12524,12356,5354,3619,8,140,8223,70,5
Madhya Pradesh,Bhopal,59542,920,40768,40749,26751,6188,8,11658,40772,6,6
Madhya Pradesh,Bina Etawa,0,0,0,0,0,0,0,0,0,0,0
Madhya Pradesh,Burhanpur,11380,405,8119,8091,5806,2853,2,1,6649,21,3
Madhya Pradesh,Chhatarpur,21443,3495,14039,8856,4111,3319,12,578,8491,258,10
Madhya Pradesh,Chhindwara,34398,3486,25995,25611,14071,4887,4,26,20949,170,1
Madhya Pradesh,Damoh,20466,5051,11817,8478,1747,3584,2,12,7126,12,6
Madhya Pradesh,Datia,10762,278,6948,6887,3351,3528,4,4,3341,3,1
Madhya Pradesh,Dewas,21005,2769,10360,9684,7387,6007,2,1867,7479,18,50
Madhya Pradesh,Dhar,21819,2899,14685,14152,6791,3930,3,302,13972,25,7
Madhya Pradesh,Dindori,5652,1694,1758,1273,1173,2199,0,1,1686,4,1
Madhya Pradesh,Guna,21895,3487,13938,13471,5806,4425,7,38,10144,39,4
Madhya Pradesh,Gwalior,34240,1696,27632,27432,2710,4703,4,205,25660,4,5
Madhya Pradesh,Harda,8208,2024,2598,2597,2359,3576,0,10,2513,0,8
Madhya Pradesh,Hoshangabad,18352,2979,10140,10104,5436,5113,4,116,9214,30,3
Madhya Pradesh,Indore,39767,609,16657,16608,6455,6293,1,16207,16406,1,1
Madhya Pradesh,Jabalpur,57091,1885,49823,48658,25572,4765,4,614,47021,18,5
Madhya Pradesh,Jhabua,5523,1405,2374,2239,1063,1743,1,0,2222,1,3
Madhya Pradesh,Khandwa,15823,2650,9784,8950,7630,3353,3,33,8440,2,14
Madhya Pradesh,Khargaon,11411,2053,8603,8603,3833,274,2,479,8363,2,2
Madhya Pradesh,Mandla,9945,358,5688,5464,2382,3883,1,15,4922,6,1
Madhya Pradesh,Mandsaur,12227,455,8331,8256,5211,3410,1,30,7050,108,4
Madhya Pradesh,Morena,49277,22319,11328,11085,7456,14835,3,792,8787,42,8
Madhya Pradesh,Murwara (Katni),7985,384,6923,6923,3710,678,0,0,2501,3,2
Madhya Pradesh,Narsimhapur,13685,4521,8490,8300,3203,670,0,4,10596,30,0
Madhya Pradesh,Neemuch,13586,559,10612,10204,3919,2090,2,323,10115,396,0
Madhya Pradesh,Panna,7822,987,6521,6255,2202,309,3,2,5795,28,1
Madhya Pradesh,Raisen,12218,1755,10282,8109,4047,152,2,27,8993,37,3
Madhya Pradesh,Rajgarh,15041,1699,12564,11812,4352,368,4,406,9835,19,4
Madhya Pradesh,Ratlam,10198,1332,7902,7902,3530,743,2,219,7149,36,10
Madhya Pradesh,Rewa,20584,3059,14318,13291,7989,1929,24,1254,13914,98,15
Madhya Pradesh,Sagar,27391,2625,20051,17006,10558,2695,48,1972,14488,932,6
Madhya Pradesh,Satna,29936,5781,23774,19968,6984,363,10,8,18903,92,11
Madhya Pradesh,Sehore,8530,570,7246,7110,2396,707,5,2,7481,5,5
Madhya Pradesh,Seoni,4779,1155,3442,3231,3057,182,0,0,2449,5,3
Madhya Pradesh,Shahdol,8852,1124,7296,6477,2922,428,3,1,5365,5,2
Madhya Pradesh,Shajapur,5457,1059,3990,3225,1584,404,0,4,3000,14,1
Madhya Pradesh,Sheopur,6089,633,4689,4689,937,766,1,0,3307,11,5
Madhya Pradesh,Shivpuri,22044,3084,16353,14441,4033,2604,3,0,10619,22,16
Madhya Pradesh,Sidhi,5085,391,4329,4286,2805,242,2,121,3979,28,6
Madhya Pradesh,Singrauli,12372,185,11952,11952,1924,230,1,4,11002,40,3
Madhya Pradesh,Tikamgarh,10880,2358,6932,4731,1292,1465,8,117,4568,336,7
Madhya Pradesh,Ujjain,18805,766,13751,13244,6924,3444,5,839,12322,26,10
Madhya Pradesh,Umaria,5501,1964,3308,2759,2126,227,0,2,1456,198,2
Madhya Pradesh,Vidisha,10701,2284,7762,7625,1204,523,1,131,6933,6,1
Meghalaya,East Garo Hills,22,22,0,0,0,0,0,0,1,0,2
Meghalaya,East Khasi Hills,1,1,0,0,0,0,0,0,0,1,0
Meghalaya,Jaintia Hills,1,1,0,0,0,0,0,0,0,1,0
Meghalaya,Ribhoi,1,1,0,0,0,0,0,0,0,0,0
Meghalaya,South Garo Hills,1,1,0,0,0,0,0,0,0,0,0
Meghalaya,west Garo Hills,241,20,166,6,0,55,0,0,0,0,0
Meghalaya,West Khasi Hills,22,22,0,0,0,0,0,0,0,0,0
Lakshadweep,Lakshadweep,0,0,0,0,0,0,0,0,0,0,0
Kerala,Alappuzha,3777,1656,1799,1766,1426,269,0,53,1265,162,2
Kerala,Ernakulam,6154,3100,2657,2568,2306,394,2,1,1823,160,0
Kerala,Idukki,560,21,441,441,415,2,0,96,299,0,0
Kerala,Kannur,1399,261,1056,964,730,69,0,13,350,3,1
Kerala,Kasaragod,861,58,764,573,555,18,0,21,596,58,0
Kerala,Kollam,6148,357,3402,3291,2511,2348,0,41,2503,426,23
Kerala,Kottayam,3233,1727,1376,1327,1120,120,2,8,1224,61,182
Kerala,Kozhikode,3108,427,2642,2518,2415,32,0,7,1659,65,26
Kerala,Malappuram,3842,1059,2159,1955,1690,612,6,6,1788,21,5
Kerala,Palakkad,2844,678,1247,947,828,886,2,31,570,18,30
Kerala,Pathanamthitta,1628,564,1042,1007,889,21,0,1,562,7,0
Kerala,Thiruvananthapuram,6824,116,6106,5942,5061,380,16,206,5460,3,72
Kerala,Thrissur,3870,1096,2505,879,802,256,1,12,664,118,0
Kerala,Waynad,894,70,798,504,449,7,1,18,634,15,0
